{
  "project_info": {
    "project_number": "813639181462",
    "firebase_url": "https://graanacom-f684b.firebaseio.com",
    "project_id": "graanacom-f684b",
    "storage_bucket": "graanacom-f684b.appspot.com"
  },
  "client": [
    {
      "client_info": {
        "mobilesdk_app_id": "1:813639181462:android:7f4667f37a2cc9849e8eb7",
        "android_client_info": {
          "package_name": "com.abc.graanacom"
        }
      },
      "oauth_client": [
        {
          "client_id": "813639181462-a26r7ahnmsqpktsos1qlln9732kqe1ib.apps.googleusercontent.com",
          "client_type": 1,
          "android_info": {
            "package_name": "com.abc.graanacom",
            "certificate_hash": "0f3f19c65afd8979b330f6a05a4f217d81730972"
          }
        },
        {
          "client_id": "813639181462-8de7aq8fp0jjjk93lomsuvijfh86mbhr.apps.googleusercontent.com",
          "client_type": 3
        }
      ],
      "api_key": [
        {
          "current_key": "AIzaSyAOsvJQFy0xpbf7BzE3I172sA9v0VweEnM"
        }
      ],
      "services": {
        "appinvite_service": {
          "other_platform_oauth_client": [
            {
              "client_id": "813639181462-8de7aq8fp0jjjk93lomsuvijfh86mbhr.apps.googleusercontent.com",
              "client_type": 3
            }
          ]
        }
      }
    }
  ],
  "configuration_version": "1"
}